[
  ["RECIPE",["minecraft:crafting",["irons_spellbooks:druidic_spell_book"]]],
  ["INGREDIENT",["item_stack",[["irons_spellbooks:arcane_essence",null]]]],
  ["INGREDIENT",["item_stack",[["minecraft:dark_oak_planks",null]]]],
  ["INGREDIENT",["item_stack",[["explorerscompass:explorerscompass",{"explorerscompass:found_z":2048,"explorerscompass:structure_id":"minecraft:ancient_city","explorerscompass:display_coords":true,"explorerscompass:compass_state":2,"explorerscompass:found_x":128,"explorerscompass:samples":2,"explorerscompass:search_radius":250}]]]],
  ["INGREDIENT",["item_stack",[["comforts:sleeping_bag_white",null]]]],
  ["INGREDIENT",["item_stack",[["irons_spellbooks:ruined_book",null]]]]
]